Ue4^2,Chi2,Confiança Inferior,Confiança Superior,Chi2(Inferior),Chi2(Superior)
0.015700634645707864,6.144751255454911,0.009501015494507057,0.021841570008291927,7.144751255454914,7.144751255454933
0.018942537881952708,13.765432501714225,0.01270340614404345,0.02512348746509029,14.765432501714203,14.765432501714209
0.021909687097024386,16.44303522724619,0.01568654114327565,0.028073862415858963,17.4430352272462,17.4430352272462
0.01529335663680893,4.209777337939157,0.009107843536097325,0.021420027778350514,5.20977733793915,5.209777337939154
0.01290662177047386,4.514030571082592,0.006706735132984196,0.019048360354691474,5.514030571082613,5.514030571082588
0.02096578915187655,3.8912061728263194,0.014764483288383414,0.027108093203046878,4.891206172826312,4.891206172826327
0.030697756916195695,2.0143586531131086,0.024464382877719616,0.03687153075547095,3.0143586531131135,3.0143586531131055
0.020594460711480845,9.630275525216732,0.014384799103486171,0.026745360777792975,10.630275525216735,10.630275525216724
0.022525755537003207,6.398018368302999,0.01629810541059793,0.02869445721408029,7.398018368302999,7.3980183683030045
0.01721334686428923,12.587388961057883,0.011006076720948494,0.023362097709048218,13.587388961057881,13.587388961057886
0.012195138697759306,18.34479690319976,0.00598429703995795,0.01834823497866512,19.344796903199754,19.34479690319973
0.015401454505109843,5.674649015215546,0.009201255884450088,0.021542985604282153,6.674649015215541,6.674649015215548
0.01801138070265077,3.778064795588805,0.011821588402055966,0.024142079286460758,4.778064795588793,4.7780647955888185
0.018815017865814545,11.08411117071043,0.012622832733161468,0.02494806969141556,12.084111170710404,12.084111170710457
0.01571782247793275,5.182888876231183,0.009519861417376528,0.021857137075053264,6.18288887623118,6.182888876231193
0.01314058272625698,10.334558831881678,0.006968551738354806,0.019253681345780874,11.334558831881688,11.334558831881656
0.022876834351419694,18.527532156273676,0.01668099998795772,0.02901295852071087,19.527532156273672,19.527532156273647
0.02573279910052375,5.018303082575998,0.019509483509067903,0.031896636607846134,6.018303082576004,6.018303082576017
0.012509356407517746,6.668581003884877,0.006334129953234127,0.018626063048874642,7.668581003884875,7.668581003884889
0.01300383262906104,13.893546704513314,0.00680304240745569,0.019146446991273314,14.893546704513309,14.89354670451333
0.01816689126756181,11.186602764969878,0.011947909512922409,0.024327293902947272,12.186602764969887,12.186602764969859
0.014749796506121094,10.708398807454918,0.008570105512624649,0.020870412000785234,11.708398807454904,11.708398807454941
0.010719995325130488,10.43319024388746,0.004521893171195665,0.016860105259512977,11.433190243887438,11.433190243887472
0.023340841850392733,8.925531222616682,0.017132079929615063,0.02949023799781308,9.925531222616666,9.92553122261666
0.02759893449852223,5.806520712585346,0.021400968861254623,0.033736856959735675,6.806520712585336,6.806520712585338
0.016358623055494282,5.290173409697416,0.010159670978211927,0.02249902114398898,6.290173409697413,6.2901734096974105
0.0270160552506692,16.979484258929823,0.020773483163878375,0.03319950120136315,17.979484258929816,17.979484258929816
0.018091253288469535,13.437514253709285,0.01187986262109317,0.024244064513553105,14.437514253709288,14.43751425370931
0.015716214101893135,1.9255359098489555,0.009523761736754316,0.021849939394075656,2.925535909848948,2.9255359098489664
0.011144069596947703,17.785055802940036,0.004966680230535924,0.017262730139016007,18.785055802940022,18.785055802940015
0.0106599598990765,12.370838051540526,0.0044448916212271984,0.01681744243229919,13.370838051540519,13.370838051540542
0.020111936941723148,7.386441088803866,0.013902613979705956,0.0262622930152731,8.386441088803872,8.386441088803862
0.028539903565611226,8.669567971888286,0.0222978254691712,0.03472271471871213,9.669567971888283,9.669567971888293
0.02323340125885738,4.785591251600163,0.017006475890900728,0.029401396426919302,5.785591251600138,5.785591251600142
0.01528167200071169,15.657714029374494,0.009085473597365602,0.021418983519978382,16.657714029374485,16.657714029374453
0.02241232379437381,13.671157484239826,0.016210495912466146,0.028554901345488035,14.671157484239828,14.671157484239831
0.012775630407805941,3.5351524023606773,0.00658309164609246,0.01890995401529522,4.535152402360683,4.535152402360692
0.019141307086084917,7.948563691442787,0.012936511877384843,0.025287306915292535,8.948563691442795,8.948563691442791
0.01859623504572785,16.912594510681437,0.012391850370769942,0.02474187854784411,17.9125945106814,17.912594510681437
0.019229436342513402,8.223255631849991,0.01300936006916276,0.025390923617756356,9.223255631849987,9.223255631849984
0.020940643481600872,12.080120287309857,0.014715317540843462,0.027107252884118135,13.080120287309848,13.080120287309883
0.017680262569187824,5.13865578077748,0.011484319068906056,0.023817404369008466,6.138655780777476,6.138655780777483
0.012514117073251771,3.598997363791711,0.006317191176622736,0.018652823061584074,4.598997363791707,4.598997363791689
0.018389904763669578,7.4878241466802296,0.01221182185631387,0.024508727463639433,8.487824146680214,8.487824146680234
0.024278781907071063,6.3070750357719545,0.018077970688564253,0.03041988321636457,7.307075035771953,7.307075035771966
0.017927645877278933,1.9797810804062843,0.011737486603366537,0.024058847773587414,2.979781080406287,2.979781080406289
0.016607017428226734,6.271814672497414,0.010393482984125587,0.02276232620224293,7.271814672497401,7.271814672497423
0.018433720482976857,3.130167777859087,0.01222242078536809,0.024586444546254155,4.130167777859086,4.130167777859091
0.012995264088349284,12.571851339796964,0.006795411683805955,0.019136986645476087,13.571851339796956,13.571851339796943
0.011233727783642232,2.5080613686529727,0.005049194041064862,0.017359809124427073,3.5080613686529545,3.508061368652974
0.019185255557088284,8.8411802690766,0.012973569304964959,0.025338050098067413,9.841180269076604,9.841180269076588
0.02167740278662873,8.256801257741852,0.015493041687254799,0.027802152045114752,9.256801257741838,9.256801257741863
0.018258511758121418,3.0328899259708066,0.012055028216187688,0.024403177730891512,4.032889925970815,4.032889925970814
0.019218702926726332,17.503989726906074,0.012999523022063381,0.025379383340013783,18.503989726906074,18.50398972690606
0.015563177188404723,8.265812231625473,0.009359853680335154,0.021708228046495838,9.265812231625484,9.265812231625457
0.020591024972454457,8.71071144661651,0.014373565789120005,0.026749534802804214,9.710711446616502,9.710711446616486
0.016880462371668157,3.7620889736627303,0.01069417517638465,0.023007694625612123,4.762088973662731,4.762088973662724
0.02796571931004853,14.779755999998226,0.02173814996364712,0.03413348239242639,15.779755999998248,15.779755999998237
0.023866029358662326,21.34632156925937,0.017612917357325612,0.030060540320585492,22.346321569259405,22.346321569259352
0.02514175493716769,7.374565891447181,0.018931152262323555,0.031292841006592895,8.374565891447178,8.374565891447187
0.01861689666632869,7.758482287928443,0.012429006591752069,0.024745579282994385,8.758482287928423,8.758482287928459
0.019789434391464997,17.32832953198681,0.01358687078995269,0.025932766904821332,18.328329531986807,18.328329531986792
0.023146616876451823,6.755418062423812,0.01693799289242119,0.02929600950201825,7.7554180624238125,7.755418062423801
0.005063966045125655,1.583341902670209,-0.0011178777357110585,0.011188208061188018,2.583341902670196,2.5833419026702087
0.014242528758839988,4.294768381352979,0.008051345077441228,0.0203751417071706,5.294768381352978,5.294768381352984
0.025495761596375257,10.406234965519834,0.019278634865759606,0.03165322301157794,11.406234965519834,11.406234965519811
0.012750266192746943,5.274255777564587,0.0065702301034209366,0.018871617814631498,6.27425577756459,6.274255777564584
0.02384790842774602,12.1528002660808,0.017655698013476898,0.02998030568847965,13.152800266080783,13.152800266080806
0.011661182267139934,10.539378690374011,0.005486506756597897,0.017777433916660174,11.539378690374022,11.539378690374022
0.014944218954740636,16.44249591636132,0.008758941572614226,0.021070905066333086,17.442495916361324,17.442495916361317
0.020486770532239854,11.929948852373453,0.014272727365797102,0.026641925105664835,12.929948852373464,12.929948852373466
0.013102431179375366,6.135654507312257,0.006906805713933465,0.019239675254336418,7.135654507312241,7.135654507312232
0.02413807206846975,4.544942163125837,0.017938083046434152,0.030278462881220436,5.54494216312584,5.544942163125823
0.026734946303558795,3.5522833367685496,0.020522558060915585,0.03288761884263132,4.5522833367685465,4.55228333676856
0.018038763360341697,7.786294823236172,0.011848957240240222,0.024169505965428408,8.786294823236183,8.786294823236158
0.020859014111031818,5.74266298193794,0.014641207848642408,0.02701799968478603,6.742662981937961,6.742662981937935
0.01715782767675051,4.7262032255220445,0.01095547579802108,0.023301578763400596,5.726203225522049,5.7262032255220365
0.017008486999009913,9.011201538454749,0.010811326366088248,0.02314689824905206,10.011201538454756,10.011201538454738
0.019220086556936147,3.019578785659542,0.013016815697461064,0.025364549713475525,4.019578785659538,4.01957878565954
0.021234235887463548,5.90104969832147,0.015027834198434339,0.027381553466782158,6.901049698321474,6.901049698321473
0.023117556358715607,13.944751279737925,0.016903036934309702,0.029273046215369303,14.944751279737911,14.94475127973794
0.01590489704795899,11.490717327704887,0.00972191722057298,0.022028843535725064,12.490717327704868,12.490717327704873
0.019508779530663593,9.061325499907866,0.013327680282546939,0.02563061118575201,10.061325499907865,10.061325499907895
0.01064474283570708,12.2884484118435,0.004470006391047522,0.016761013217033462,13.288448411843504,13.288448411843499
0.01629751176104236,7.012657083612673,0.010121489702715876,0.022414353694605593,8.012657083612673,8.012657083612671
0.01639471973691518,9.30890640121431,0.010190936973339658,0.022540093150471903,10.308906401214314,10.3089064012143
0.01782484681265363,8.967209832582371,0.011626847895441448,0.023964110527944157,9.967209832582366,9.967209832582387
0.018428483440990504,14.67835067000423,0.012234814243968883,0.0245630749295115,15.678350670004235,15.678350670004221
0.015423055674266056,4.600985758227328,0.00921732092177931,0.021570233101152567,5.600985758227324,5.600985758227325
0.0171512032259728,6.8086201570950715,0.010955207350492682,0.023288566714568987,7.808620157095087,7.808620157095069
0.013644705865592348,5.887076652551925,0.007460750566240895,0.019769991449663092,6.887076652551909,6.887076652551904
0.0031980564395787834,13.309559492508528,-0.0029721521843971144,0.009310748981497063,14.309559492508509,14.309559492508527
0.02042306874945309,10.18315569335804,0.01420756372715926,0.026579928171186262,11.183155693358051,11.18315569335803
0.022556608897777577,11.916720877969741,0.016375410006948265,0.028677892965964787,12.916720877969745,12.916720877969741
0.011854797710607198,11.039854558783594,0.005690653620922306,0.017960076810100627,12.03985455878361,12.039854558783613
0.011717014091714821,10.469142714803874,0.005538324813484457,0.01783707099057181,11.469142714803873,11.469142714803901
0.01650282690543632,5.434555648784472,0.010290723414966924,0.022656716715318465,6.4345556487844675,6.4345556487844675
0.024792497771914637,7.974690038336279,0.01857546056993216,0.03095005153583803,8.97469003833627,8.974690038336272
0.017727184614759948,4.708060055377114,0.011531000728878098,0.02386437315715723,5.708060055377112,5.708060055377127
0.020886171189312,4.899435033503384,0.014682598587200283,0.027030612559188212,5.899435033503373,5.899435033503389
0.012201858366113342,13.67494902552616,0.006002684625058883,0.018342822865871654,14.674949025526168,14.674949025526152
0.01553265097028785,9.183622953408511,0.009310303746794705,0.02169688877726957,10.183622953408518,10.183622953408516
0.0219803598870845,14.269790285469854,0.015765539386862887,0.028136035652772104,15.269790285469856,15.269790285469853
0.018823199759463113,15.154354406721946,0.01261401279055616,0.024973573202594003,16.154354406721943,16.154354406721943
0.01809332524273875,16.22080465115289,0.011906515235154494,0.0242208528574231,17.220804651152875,17.220804651152864
0.016686315016743135,13.376277057706828,0.010487685868522265,0.02282632281374906,14.376277057706835,14.376277057706842
0.012290508858004714,7.66895395927704,0.006115168189221119,0.018407198417706546,8.668953959277035,8.66895395927707
0.01924572984351248,9.394324250423411,0.013059285730644814,0.02537267407845366,10.39432425042341,10.394324250423427
0.030213364036704,6.88598210704939,0.023997120277765183,0.036369445468052944,7.885982107049398,7.885982107049394
0.005776300376468278,21.62670802728947,-0.0004215210937843802,0.011916724155778316,22.62670802728947,22.62670802728947
0.026860263716967106,3.712761363143835,0.020646832346357363,0.03301400829259873,4.712761363143835,4.7127613631438425
0.013421898130406765,7.302340405879042,0.007234796640740213,0.019550452373368634,8.302340405879061,8.302340405879054
0.011857653648492112,11.933634453279444,0.005656572063842309,0.018000531081111763,12.933634453279442,12.933634453279454
0.0077257546705538594,7.757937371028076,0.0015139099851305122,0.01388033109288501,8.757937371028083,8.757937371028081
0.009692156232979563,3.6791236449403604,0.003498406227002597,0.015828083918474907,4.679123644940371,4.679123644940343
0.02765535502171904,11.582252649076354,0.021429354726939017,0.033821962269784504,12.58225264907636,12.582252649076345
0.02604264339846098,14.818225935143824,0.019837652308858818,0.032187861510183276,15.818225935143841,15.818225935143833
0.02092529338058373,7.105721692307063,0.014741384105764905,0.027049690250648965,8.105721692307064,8.105721692307062
0.020473865239752465,11.85456653507512,0.014275401538648574,0.026613308937991912,12.854566535075133,12.854566535075126
0.015385801848626899,18.627486421103924,0.009189953884795475,0.021522835063207714,19.62748642110393,19.627486421103942
0.023233868707804285,6.874990000784191,0.01701541611597093,0.029393288488293073,7.874990000784183,7.874990000784199
0.009722539457706668,6.158118777125684,0.003518399219649334,0.01586891479020014,7.158118777125686,7.15811877712568
0.001053237392436995,14.240879955234053,-0.005109698943869633,0.00715874559896857,15.24087995523403,15.240879955234057
0.022458950109300112,5.971682334177305,0.016238398104188565,0.028620751555477903,6.9716823341773,6.971682334177292
0.02026441803798656,3.7120941485344994,0.014061817104455709,0.026407867580457645,4.712094148534496,4.712094148534512
0.016630198880037226,7.07402320430681,0.010458120796618363,0.02274300569170048,8.074023204306808,8.07402320430681
0.018577582945073407,12.026314456084005,0.012354304672774943,0.024742576606627285,13.026314456084028,13.026314456083998
0.013211258590013434,21.978186982866823,0.007015326905161016,0.01934864875442443,22.97818698286679,22.97818698286682
0.00764733158881599,5.2049058599746685,0.0014564937454586908,0.013780339969763572,6.204905859974675,6.204905859974666
0.014473889748553147,10.064605443600453,0.008260099712152894,0.020629585595453085,11.06460544360045,11.06460544360046
0.03208590249524448,8.742532718008134,0.02585450440453388,0.03825723805780068,9.742532718008132,9.742532718008132
0.020434400746165517,4.5720268412898,0.014240573041041508,0.026569002526544164,5.5720268412898015,5.572026841289779
0.017113062801735354,13.501697728806409,0.01091379457851992,0.023253738321344527,14.501697728806416,14.501697728806382
0.0060307793854589,15.494573920656201,-0.00016941453179267546,0.012173597304287605,16.4945739206562,16.494573920656183
0.012475217459454773,6.431649528043879,0.006281003031089845,0.018611127718246044,7.431649528043887,7.4316495280438915
0.025506558378777282,8.60296742081899,0.019298185281255806,0.03165526357222298,9.602967420818992,9.602967420818985
0.01186071395548494,4.777256007418649,0.005659637826498066,0.018003825747159054,5.777256007418655,5.77725600741865
0.022190645352101985,5.0384149829846585,0.01599350760066529,0.02832844447285326,6.038414982984653,6.03841498298466
0.018052888811243256,5.131472427592722,0.01184124123771199,0.024206014659048817,6.131472427592721,6.131472427592719
0.01606196216078941,16.4514005506361,0.009867924509776051,0.02219737016149122,17.45140055063611,17.451400550636095
0.029969251815693085,3.9038623594814794,0.023740326053169697,0.03613857313405853,4.903862359481474,4.9038623594815
0.013261478712100665,7.321745662993378,0.007057989367855356,0.019406840783937864,8.321745662993392,8.32174566299338
0.017564699302255255,6.668159052533181,0.011357261229303457,0.02371365950700248,7.6681590525331655,7.6681590525332
0.011812589454765128,8.552460455361445,0.005632628979916356,0.017933988543713638,9.552460455361437,9.55246045536143
0.022050020326957763,7.481146214715564,0.015852535397267407,0.028187967240418048,8.481146214715547,8.48114621471556
0.023666210096270655,4.902945270749624,0.017443801541449578,0.029829474951158425,5.9029452707496315,5.902945270749635
0.019142214070356527,3.924202379857144,0.012929546287092919,0.02529624857603365,4.924202379857148,4.924202379857154
0.0061032598085932884,4.879258184128511,-8.69912587381494e-05,0.012235929499547204,5.879258184128512,5.879258184128519
0.01910319078726954,4.9232557439619375,0.012892891348206115,0.02525484586812163,5.923255743961929,5.923255743961941
0.01945445049636687,6.962507218505616,0.013248751946840998,0.025601302907402063,7.962507218505592,7.962507218505603
0.014459828881279528,10.88220306007521,0.00826648226205181,0.02059488674431327,11.88220306007519,11.882203060075208
0.014651521294853547,15.820479227558867,0.00844163404337202,0.02080311594419653,16.82047922755884,16.820479227558867
0.012121439979573458,5.82217293412761,0.005932289157529277,0.01825224615161277,6.822172934127607,6.822172934127621
0.01914156396111059,12.016249827680232,0.012959326192854281,0.025264296431822937,13.016249827680214,13.016249827680236
0.01813439057695899,7.99172437580833,0.011940943174059056,0.024268853131171,8.99172437580832,8.99172437580831
0.011397605594956579,22.2836816572415,0.00517541310658888,0.01756197125531623,23.283681657241495,23.2836816572415
0.013627921830723736,6.909851992628779,0.00742295978638966,0.0197746684983705,7.9098519926287825,7.909851992628772
0.011457405261956637,12.666501330663387,0.005275680521337811,0.017580466295557182,13.666501330663374,13.666501330663388
0.006444133295721248,14.550034604902946,0.0002625597378903483,0.012568174761605494,15.550034604902947,15.550034604902937
0.016799344308049885,4.836819936964052,0.010611610912911545,0.022928055605016793,5.836819936964042,5.836819936964042
0.020716782403613524,3.0702737323192912,0.01451376473712509,0.026860590874536915,4.070273732319292,4.070273732319292
0.022465284833892294,13.666416873027039,0.01626392452509806,0.028607596071117427,14.666416873027028,14.666416873027028
0.020317666952117903,13.575273004542527,0.01413325012448921,0.026442344709824175,14.575273004542534,14.575273004542527
0.011030500165160799,6.08929306471001,0.004853341412312433,0.01714903306230149,7.089293064710006,7.089293064710019
0.019224092519343847,8.592016046494447,0.013032468193925732,0.02535673916460617,9.592016046494445,9.592016046494432
0.009355363788866608,3.2873606411470986,0.0031606250975703193,0.015492138769350388,4.287360641147116,4.2873606411471
0.016528139673464736,7.505612411653124,0.010320743243251412,0.02267719047785644,8.505612411653132,8.505612411653116
0.004836646674148697,23.90220490565126,-0.001336566113783366,0.010952235528641384,24.902204905651267,24.902204905651267
0.015515270408191105,13.557659855239033,0.009313237644048249,0.021658869654771012,14.557659855239047,14.55765985523902
0.01659009493675653,6.6224397333628895,0.01037774916163606,0.022744006643561583,7.622439733362896,7.622439733362894
0.028528968960315457,7.312450802728046,0.022298379363314597,0.03470019755449442,8.31245080272805,8.312450802728044
0.019626531362770705,6.460597465379367,0.013443272067535825,0.025750568421625555,7.4605974653793545,7.4605974653793705
0.02453767609460571,5.043163258223856,0.01832531573470229,0.03069052439999886,6.043163258223868,6.043163258223848
0.016580679924710014,9.679962059606932,0.010367389995516837,0.022735877741400796,10.679962059606936,10.679962059606936
0.021018774787807934,3.940907322653561,0.01481507250097568,0.027163294877383504,4.940907322653546,4.940907322653578
0.017515357672104756,16.315513452194715,0.011315708646534575,0.02365624092538493,17.315513452194708,17.31551345219472
0.011805676604466032,6.998941080951122,0.005606086668443879,0.017947131400508055,7.998941080951139,7.998941080951118
0.020343875760472082,5.278914556471816,0.014151036931022645,0.026477532231567093,6.278914556471815,6.278914556471827
0.010172892588233215,18.83999106964265,0.003987920549168949,0.016299949362793595,19.83999106964264,19.839991069642647
0.0081292633380604,9.415725999262872,0.0019197989986527808,0.014281290390453285,10.41572599926286,10.415725999262872
0.030880136563432733,7.322734092519123,0.024660913874520064,0.03703930251639038,8.322734092519113,8.322734092519116
0.028786605652991633,5.944579945831387,0.022580103355211687,0.03493302189799306,6.944579945831374,6.944579945831386
0.02126271775716345,13.758226633771066,0.015033161354796189,0.02743357637904347,14.758226633771063,14.75822663377103
0.018124020583590243,8.508882466387751,0.01191890796059772,0.024270352970184362,9.508882466387746,9.508882466387748
0.0014764799357543075,11.305731391952381,-0.004716534531639528,0.007612438282585577,12.305731391952367,12.305731391952378
0.0196188621230689,5.36288830163973,0.0134109528257386,0.02576795900730425,6.362888301639733,6.362888301639727
0.01585565200022949,18.106018310598067,0.009656118905040907,0.021997031344766157,19.10601831059808,19.10601831059805
0.026792841868276514,18.227206390312325,0.020578978852250848,0.032947016904767305,19.227206390312332,19.227206390312332
0.015270125590890556,7.062449871379431,0.009074055730318603,0.021407747135291987,8.06244987137943,8.062449871379433
0.022769845343568237,6.457022490666985,0.016566279162904457,0.028914194459041864,7.457022490666996,7.457022490666984
0.0190442601576155,9.715141325299571,0.012847548175009165,0.025182085852112776,10.715141325299564,10.715141325299577
0.02105166422362394,8.562549756444986,0.0148401341125066,0.02720440029032275,9.562549756444989,9.562549756444984
0.005790902956238284,4.203573158754912,-0.0003801069046382123,0.011903940023211795,5.203573158754923,5.203573158754896
0.013258785766382682,8.40492872824771,0.0070971805398708145,0.019361259195221883,9.404928728247691,9.404928728247715
0.00995978651418228,3.247800085836617,0.003774462222802322,0.016087082574132393,4.2478000858366185,4.247800085836641
0.016470205612893907,11.192269955714847,0.010296801113349534,0.022584445017723505,12.19226995571485,12.192269955714847
0.02782974653945245,12.287247191410493,0.02158653742989538,0.034013879577175964,13.287247191410486,13.287247191410506
0.02688002243856728,10.109120834326308,0.020685487385488206,0.03301445347488016,11.1091208343263,11.10912083432633
0.02788242767749697,14.624409379572286,0.021654069946368575,0.03405106817686131,15.62440937957228,15.624409379572272
0.016084732544015087,15.651115915032765,0.009876422254248883,0.022234699507525976,16.65111591503277,16.651115915032758
0.017956378705404008,7.6491835680026625,0.01173669402266576,0.024117783834920695,8.649183568002677,8.649183568002643
0.015443219234011636,6.988781893549205,0.009222714143972941,0.02160555925747625,7.9887818935492145,7.9887818935492065
0.024863229800860476,6.945871557386778,0.01863531587769582,0.031031834230416576,7.945871557386784,7.9458715573867815
0.01264057355785963,8.089218264822176,0.0064621212570251056,0.018760339034407356,9.089218264822144,9.089218264822165
0.02336163782812521,11.845782065993832,0.017175878972759375,0.029487607739459284,12.845782065993834,12.845782065993827
0.022004078795802098,9.229634264334367,0.01580374431706198,0.02814530715161097,10.229634264334377,10.229634264334383
0.02131677629537059,11.278510627938752,0.015112133933445128,0.027462100471234572,12.278510627938745,12.278510627938761
0.022045037535666303,13.08297900231234,0.01586363019168313,0.028166805044372162,14.08297900231236,14.08297900231234
0.014098924764517653,13.130411929964131,0.00790101869187152,0.02023834532783629,14.130411929964144,14.130411929964135
0.016625125380930274,5.605557177932967,0.010431278106337987,0.02276019988137702,6.605557177932976,6.6055571779329725
0.014946112812608017,9.12460110506148,0.00873572366512594,0.021098418272642836,10.124601105061503,10.12460110506147
0.012203312823729554,6.304826494167828,0.006017484888764664,0.01833066360848845,7.304826494167819,7.304826494167833
0.016090298029955243,3.0931573282396503,0.009900684501184009,0.0222210690051781,4.093157328239645,4.0931573282396485
0.02104599576224524,10.399701336494022,0.014854458173622277,0.02717795902724295,11.39970133649401,11.399701336494005
0.019713025195177952,9.714173866698946,0.01351026208898236,0.025857090381053598,10.714173866698967,10.714173866698946
0.02116801533640977,7.051613616746642,0.014976923126273299,0.027299922885292274,8.051613616746648,8.051613616746643
0.013060528374142963,9.671193306862143,0.006863270040195935,0.019199545254943107,10.671193306862138,10.671193306862145
0.022585754887739583,3.4643475305132103,0.016365752912678718,0.02874684467135898,4.464347530513209,4.464347530513216
0.013276932415879458,5.015754034224641,0.007098580995805901,0.01939640718046188,6.015754034224652,6.015754034224642
0.017609888757477064,8.68797555484075,0.011407395672398141,0.02375378515690545,9.68797555484074,9.687975554840744
0.0217654706090096,4.192263840825076,0.01556668926856905,0.02790481716117955,5.192263840825056,5.192263840825067
0.020791938024668524,9.23355990480271,0.014584196936459822,0.026940554405447823,10.233559904802707,10.233559904802693
0.018189186984489288,21.682122398870625,0.011999276721504231,0.02431983587825148,22.682122398870618,22.682122398870636
0.024436136398380187,3.6765572566827776,0.018231889874158635,0.03058067335929771,4.676557256682772,4.6765572566827736
0.01145247985850494,5.580067983614115,0.0052670408755879335,0.017579707351893882,6.580067983614122,6.580067983614104
0.027942269722593897,2.5158028818912044,0.021722996784535018,0.03410195403078005,3.5158028818912017,3.515802881891204
0.017503034677691716,7.850336049850075,0.011301679178123183,0.02364547691370239,8.85033604985006,8.850336049850073
0.02528633719713859,12.81154706535096,0.019065886815474428,0.03144761217249054,13.811547065350945,13.811547065350952
0.02415140306610993,4.180656801245405,0.017937074635510523,0.03030634710918901,5.180656801245404,5.180656801245399
0.015901809254119614,19.717538146329105,0.009709082068106152,0.022035615828669416,20.717538146329108,20.717538146329094
0.02804358148801136,6.322684287644316,0.02184167858628789,0.03418538755278045,7.322684287644318,7.322684287644315
0.020670125981031604,4.617357967654103,0.014456836956700449,0.026824549756019743,5.61735796765409,5.617357967654124
0.012289210734593825,3.6889450541156052,0.006102324425249236,0.018417812551601024,4.688945054115602,4.6889450541156075
0.034385749818298214,9.199906174388591,0.028161055216133934,0.040549918293739745,10.199906174388591,10.199906174388595
0.025964350519586513,12.961399032690677,0.019732671465552326,0.032137029443137614,13.961399032690686,13.961399032690675
0.015990642778642008,9.046418369269057,0.009796834022614631,0.02212571468585311,10.046418369269043,10.046418369269063
0.007305618989803962,7.20397587741886,0.0011436427277873571,0.013409115805038629,8.20397587741886,8.203975877418838
0.020808533100135685,5.9285583491024045,0.014602160208974157,0.0269560658213448,6.9285583491024,6.928558349102412
0.025788362982354502,8.087567938762632,0.01956796524257909,0.031949219161511035,9.087567938762632,9.08756793876261
0.009100587799464937,19.70555568626391,0.002895011483661903,0.015248691583092139,20.70555568626392,20.705555686263917
0.025836469011813728,16.130983567312633,0.019621522340949087,0.03199170640176094,17.130983567312615,17.130983567312615
0.015112965101130716,4.384339043555345,0.008920544317619288,0.021246639437741653,5.384339043555353,5.384339043555344
0.022022681873920653,9.292649575200189,0.015820396570249858,0.028165640226809174,10.29264957520018,10.29264957520019
0.023943198111179623,13.957344784538337,0.01772754716700643,0.030099507307924187,14.957344784538341,14.95734478453834
0.02418822227233003,3.939112894139156,0.01798484130725106,0.030332068597026137,4.93911289413915,4.9391128941391536
0.020895463665643862,5.178547916756071,0.014688102382701273,0.027043763489521082,6.178547916756066,6.1785479167560595
0.01977984303809303,10.713465147559885,0.013540961208795195,0.02596043006384969,11.713465147559859,11.71346514755988
0.017399650054454128,10.414677181873238,0.011183892770985823,0.0235569724940649,11.414677181873227,11.414677181873214
0.021536524615889348,2.876730149053252,0.015330736978372377,0.027683108071539463,3.8767301490532473,3.876730149053264
0.018594242883287683,7.773048406219254,0.012380391960594166,0.02474935256205723,8.773048406219258,8.773048406219266
0.010287129711845337,6.792721568292078,0.004078532976016193,0.016438075340300038,7.792721568292085,7.792721568292075
0.017661698760198054,11.66233934828843,0.011453696098426372,0.023811062371173444,12.662339348288434,12.66233934828845
0.019372375815575854,5.937460726306044,0.013173201642389054,0.02551263034351051,6.937460726306041,6.9374607263060435
0.015462058225864533,7.773988598050215,0.009251686576743173,0.021614057880871795,8.773988598050225,8.773988598050202
0.022991614435311017,2.9680872956990805,0.016781857414549343,0.02914208042201491,3.9680872956990862,3.9680872956990867
0.019141055590284322,4.164445813520468,0.012951699574374973,0.025271232535919095,5.164445813520474,5.1644458135204605
0.011281597271990492,20.377821754451173,0.005086923858461565,0.017418187320946656,21.377821754451155,21.377821754451155
0.002877164800338586,21.000907019185064,-0.0032822676572419013,0.008978551418262315,22.000907019185068,22.000907019185046
0.011483389069324109,4.759800806774119,0.005289051873011845,0.01761952684482583,5.75980080677413,5.759800806774118
0.01986680840929188,15.62261670462074,0.01365881019296726,0.026015902859369753,16.62261670462074,16.622616704620754
0.02678070062431982,9.7173236131937,0.02056057781832491,0.03294134432002921,10.717323613193702,10.717323613193697
0.018207820166794685,7.234093150080658,0.011990397945300794,0.02436669319839058,8.234093150080652,8.23409315008063
0.014182664449012061,4.46106149395039,0.008004755756130808,0.020301676648656803,5.461061493950386,5.461061493950403
0.016592596335326285,4.8346288866871525,0.01040686800635021,0.022719405483338506,5.834628886687156,5.834628886687147
0.026854813205485238,8.627482344382553,0.020662289106150686,0.03298712830820537,9.627482344382564,9.627482344382548
0.026703894551619034,6.703262835954572,0.020501598171414847,0.032846091069968796,7.7032628359545665,7.703262835954578
0.024132880925742405,4.831503187480378,0.01792617439415056,0.03028013102291139,5.83150318748036,5.831503187480362
0.014906355630995983,6.713083500598575,0.008714699943141656,0.021039513273068192,7.713083500598585,7.713083500598565
0.018485513391124007,7.133306733525177,0.012278626610622028,0.024633741558848975,8.133306733525178,8.133306733525188
0.01824193995405452,9.60522772634654,0.012037660690253384,0.024387376053635054,10.60522772634653,10.605227726346543
0.028446128677977685,6.7152295694517985,0.02222191531536884,0.03461063647028672,7.7152295694518,7.7152295694518
0.024044404237123167,6.9776857282430855,0.017825655023984727,0.03020410520991141,7.977685728243089,7.977685728243088
0.014599069127119293,13.679217359303363,0.008396950839635571,0.020742590948934988,14.679217359303355,14.679217359303381
0.02091647541916183,7.6953622711845115,0.014729567104930275,0.027043895232677067,8.695362271184507,8.695362271184507
0.014246370374482824,2.071647249475662,0.008059967422219875,0.020374066223466183,3.0716472494756712,3.0716472494756535
0.016727189091079498,10.396101970584377,0.010531094406564552,0.0228643586927324,11.396101970584365,11.39610197058438
0.013662370863537845,15.621389144195513,0.0074976410549834616,0.01976820553820421,16.62138914419549,16.621389144195483
0.020661528736439665,9.540298473396561,0.014455340308072141,0.026808709788114306,10.540298473396582,10.540298473396584
0.022510716354405397,3.0187973335319316,0.016304502598917293,0.028657735136872312,4.01879733353193,4.018797333531925
0.01189694605070737,8.743746716116972,0.005709133310801596,0.018026436083458997,9.743746716116986,9.743746716116993
0.027545513252301417,26.777485767963924,0.02134125878051102,0.03368961133476774,27.777485767963917,27.777485767963952
0.021215707448102618,3.239485880784131,0.01501555562554289,0.02735660422757925,4.239485880784121,4.2394858807841365
0.019850781881940772,8.774528474717442,0.013637772027602385,0.026005196190094053,9.774528474717444,9.774528474717462
0.015529727533720951,8.438512201552701,0.009328982506757483,0.021671930911013677,9.438512201552703,9.43851220155269
0.028497487671183118,9.565068422499962,0.022309196398650057,0.03462533956894501,10.565068422499968,10.565068422499962
0.01740453309909281,10.990385386314438,0.011197475769809492,0.02355312431465695,11.99038538631444,11.99038538631444
0.011776882982840558,18.892117130249538,0.005593656554210032,0.017901561853364074,19.89211713024953,19.89211713024952
0.02456948174125832,12.450940711527652,0.018350767725752882,0.03072887047792032,13.45094071152766,13.450940711527634
0.016885422450193505,17.80424385339299,0.010720278811691774,0.022990955927858894,18.804243853392975,18.804243853392997
0.006334284434128453,7.128902676415335,0.00013386583765439294,0.012477402562595125,8.12890267641534,8.12890267641533
0.021872674477705894,2.258577969397369,0.015669204088007354,0.028016952010933543,3.2585779693973715,3.2585779693973684
0.021018171868136943,4.622886927478835,0.01482614476951249,0.027150810243816565,5.622886927478846,5.622886927478817
0.01869983010589701,11.569376275958948,0.012476043710522985,0.024865327092609066,12.569376275958934,12.569376275958946
0.01878813671997174,2.9588215016810517,0.012593218692685731,0.024924090093368344,3.958821501681037,3.9588215016810473
0.016796420815000993,8.553782085601881,0.01060302667534861,0.022931165494609468,9.55378208560186,9.553782085601881
0.008055104314320247,6.266408630125459,0.0018731702159154133,0.014179176926347629,7.266408630125452,7.266408630125456
0.00942142995096897,10.93508290174249,0.0032402599218700305,0.015544330070216918,11.935082901742485,11.935082901742502
0.022285774161256326,7.543772034616467,0.01608981855335585,0.02842228770164344,8.543772034616474,8.543772034616469
0.021597116537358133,14.377249792020008,0.015384319556445064,0.027750850796027737,15.377249792020027,15.377249792019986
0.014086964091683894,3.5696204091842807,0.007894294614438723,0.02022119754018745,4.569620409184283,4.569620409184278
0.016761558495422157,5.8689553794198055,0.0105708365698391,0.022893404229072267,6.868955379419807,6.868955379419832
0.017145323682468912,4.548512961125465,0.010944560164660022,0.023287575975662715,5.548512961125457,5.5485129611254616
0.026610391526905162,3.190114072902239,0.020397353125761117,0.03276368990375809,4.190114072902236,4.1901140729022455
0.01936461036692248,5.254337853042828,0.013153544633195404,0.025516882124399832,6.254337853042836,6.254337853042858
0.01658739979082208,20.448973505140152,0.01039269017420305,0.02272321697671389,21.448973505140156,21.448973505140167
0.008349116745560421,9.643845118530834,0.002145848310025186,0.014494831568796126,10.643845118530832,10.643845118530827
0.020608815655208838,10.215217250044757,0.014407632943408686,0.026750683904949293,11.215217250044757,11.215217250044757
0.01418436054210425,5.508726668171424,0.007992043882550821,0.020318269455718376,6.508726668171428,6.508726668171411
0.01256846675715312,19.8020880127866,0.006404195724863853,0.018673849148762682,20.802088012786584,20.80208801278659
0.022003909766382394,8.23298037740417,0.015801575194521814,0.0281468302524476,9.23298037740418,9.232980377404159
0.023000946229924803,14.815102021523371,0.016762635969067317,0.029180643006855467,15.815102021523387,15.815102021523387
0.01991732758750748,7.51471469863718,0.013713475079603223,0.026062039763217325,8.514714698637178,8.51471469863718
0.023143786669539687,4.86648774788981,0.0169376028029816,0.029290565830322274,5.866487747889808,5.866487747889808
0.015006605146234777,44.31564359004251,0.008785389640012247,0.021169794124913818,45.31564359004251,45.31564359004251
0.01745017022230319,7.038189936923945,0.011271198135443012,0.023570047406966367,8.038189936923944,8.038189936923947
0.008039029199615723,6.117738023204389,0.0018559429002845333,0.014164200618605198,7.117738023204398,7.117738023204387
0.011018594688166163,20.080513995536943,0.0048330860007584015,0.017145980958177078,21.080513995536943,21.080513995536933
0.0015986839427472818,10.360491456487088,-0.004584586476964243,0.007724622647725825,11.360491456487079,11.360491456487088
0.01847706097521216,14.991922342845456,0.012264752660297949,0.024630718771796328,15.991922342845452,15.991922342845458
0.021869392547167917,7.090024639423572,0.015680515573114385,0.0279987130120858,8.090024639423584,8.090024639423579
0.0230003862715623,4.316324899727431,0.016787947965774944,0.02915364566860185,5.3163248997274195,5.3163248997274195
0.028557858245752854,6.838308846222829,0.02233190418089043,0.034724221101589695,7.838308846222825,7.8383088462228345
0.016994490247139196,4.717153591012278,0.010790633892620523,0.023139690274592527,5.717153591012285,5.717153591012298
0.011781739044720019,2.7613378362549743,0.005583428591149422,0.017922056750598044,3.7613378362549668,3.761337836254982
0.02875343007588165,8.959149112768895,0.022547251555835923,0.03489982112468752,9.959149112768896,9.959149112768904
0.017996002478359023,10.73427862217072,0.011786118221407663,0.024147224505562163,11.734278622170713,11.7342786221707
0.024608348613157534,14.057215157022725,0.018407529847021667,0.030749547356351638,15.057215157022714,15.057215157022723
0.017010798285148086,9.410293887640265,0.010815817401719168,0.023147079084840972,10.410293887640261,10.41029388764026
0.021180544253909278,9.937294839472987,0.014956928899793265,0.02734531663985915,10.937294839473008,10.937294839472985
0.016009131085728427,2.413379414857516,0.00980106170448383,0.02215875941374742,3.413379414857494,3.413379414857511
0.036182378369818725,4.0587509330353955,0.02995958699725958,0.0423445847382943,5.058750933035385,5.058750933035382
0.022134937133120973,3.01296498673935,0.015917077397380974,0.028293880271142696,4.012964986739337,4.012964986739356
0.011732294323992767,7.770387189619433,0.00555389890953163,0.017852363670238368,8.77038718961946,8.770387189619425
0.021772856073474515,7.445882199807576,0.015576901356223447,0.027909290810427763,8.445882199807562,8.445882199807569
0.018136890218307094,8.942426167585847,0.011955481700440359,0.024258898921096717,9.942426167585849,9.942426167585847
0.009903738545563588,11.429056883351485,0.0037276667904927053,0.01602151784014687,12.429056883351487,12.429056883351487
0.024597339704110353,6.822181162900288,0.018379504111181597,0.030756075694429605,7.822181162900274,7.822181162900306
0.01120067820838835,3.2845257445514395,0.005022905258599822,0.017319937103095914,4.284525744551428,4.28452574455144
0.012287823490080568,9.41773935050477,0.006089998616979564,0.01842764529806425,10.417739350504753,10.417739350504771
0.01759319090298919,8.066858293667577,0.011390520500857213,0.023737169858286878,9.066858293667595,9.06685829366757
0.020022101870858483,17.313331283810847,0.013811302242344711,0.026174125058430156,18.313331283810843,18.313331283810825
0.01867428641233232,6.442109915962199,0.012477768976685314,0.02481194635229502,7.442109915962197,7.442109915962199
0.015605057057103654,4.3362559212542084,0.009405220002685472,0.02174640328619231,5.336255921254195,5.336255921254204
0.010620208124237295,7.796127245000849,0.004431260535188786,0.016751097754608885,8.796127245000836,8.796127245000843
0.020754639513685343,3.641948101316949,0.014562521663355801,0.026887431838753747,4.6419481013169515,4.641948101316956
0.02007443061675865,11.884157593408734,0.013867656739688271,0.02622230129840279,12.884157593408732,12.884157593408741
0.024040201434903787,4.568643390110495,0.0178429952835372,0.03017784451270156,5.568643390110497,5.5686433901105
0.015751361806815425,4.251996186025754,0.009556591645332435,0.02188758771041588,5.251996186025728,5.251996186025761
0.015087284472510667,6.6719856730335705,0.008900071832105883,0.02121568173421044,7.671985673033574,7.671985673033573
0.018171403056890287,6.132036497937911,0.011990090440444082,0.024293399883575786,7.132036497937907,7.13203649793789
0.025582024354686907,18.928276921517988,0.019371374328468055,0.03173308966678164,19.928276921517966,19.928276921517988
0.008283910239389618,17.84257818473884,0.0020592685160116674,0.014451289346957042,18.842578184738823,18.842578184738837
0.01830172665216832,11.251517789214677,0.012093102852467013,0.024451749544227987,12.251517789214716,12.251517789214684
0.020137770564570896,10.25265514671979,0.013919582740598393,0.026297027223884176,11.252655146719798,11.252655146719794
0.021020579011805852,5.939817423182312,0.0148306036979589,0.02715116720479197,6.9398174231822995,6.93981742318231
0.022875769555448695,10.973768834325597,0.016685901695915474,0.02900595120036726,11.973768834325606,11.973768834325561
0.01608378901472453,17.082353921664,0.009896535208956028,0.022212274285487547,18.08235392166401,18.08235392166399
0.017616477379432723,6.830890821456122,0.01141944840130226,0.023754800716281704,7.8308908214561175,7.830890821456127
0.023612736468337153,13.066950239846099,0.01740691643469509,0.029759070137121833,14.066950239846122,14.066950239846106
0.014405318326886503,3.3251516314046254,0.00821454351173697,0.020537457874130464,4.325151631404627,4.325151631404645
0.017182171403859928,13.36671812460362,0.010976796539859762,0.023328802200418438,14.366718124603645,14.366718124603619
0.028279334089461858,7.43357990299486,0.0220560451962132,0.034442882213543684,8.433579902994842,8.433579902994854
0.01580242358099353,6.859404366045921,0.009604884626495398,0.02194156413084299,7.859404366045921,7.859404366045902
0.0062278908562928325,11.80773120068039,6.532608340988263e-05,0.012332462202093908,12.807731200680383,12.8077312006804
0.022678557803078214,14.259291638567081,0.016489167508875392,0.02880828255041864,15.259291638567083,15.259291638567074
0.016130246683265046,13.584597470854389,0.00994473292945274,0.022256689918460658,14.584597470854376,14.584597470854403
0.023007068721966235,3.1264392456898435,0.016797436284560045,0.029157514322559704,4.126439245689861,4.126439245689849
0.021259646254944177,5.771841960136188,0.015052248458609137,0.027407952386026047,6.771841960136177,6.771841960136183
0.016055623782022396,9.034921028493443,0.009843426825724748,0.022209185005709786,10.03492102849344,10.03492102849344
0.0108270055404392,12.097262385274739,0.004635469468160669,0.01696046852980984,13.09726238527476,13.097262385274721
0.008420981165664122,6.87805653413662,0.0022565175012820905,0.014526980433617685,7.878056534136601,7.878056534136621
0.013163833028760933,11.4260448454833,0.0069837002544062094,0.019285304067161457,12.426044845483297,12.42604484548329
0.02602372876211833,11.754933344191015,0.019804238033905894,0.03218382089354569,12.754933344191013,12.754933344191008
0.013341620687286098,10.760617555114102,0.0071560129845866715,0.01946848158264855,11.760617555114097,11.76061755511408
0.01677993578735541,6.0617189370827065,0.010580591660676814,0.0229206125155584,7.061718937082715,7.061718937082694
0.012667696671257264,9.725809951091001,0.006476501272223566,0.018800440174147712,10.725809951090996,10.725809951090982
0.022735973707900026,21.347180289635766,0.01653653324516002,0.02887569273905763,22.347180289635737,22.347180289635766
0.015924523463699866,4.0234585885991025,0.009729893681617944,0.022060471269295726,5.0234585885990946,5.023458588599103
0.02262644867180193,11.444506219815676,0.016401932102022235,0.028792109697725905,12.444506219815663,12.444506219815663
0.007802811522178384,17.6485781151125,0.0016090028945462502,0.013938887667295662,18.64857811511253,18.648578115112493
0.011721766255948339,7.042883272647,0.005522044611475903,0.017863647157675255,8.042883272647002,8.042883272646982
0.022604157514559978,11.1455564709945,0.016392695729491393,0.028756643583591573,12.145556470994489,12.145556470994507
0.01407896344413446,6.6442603743942135,0.007877736780094662,0.020221983459144197,7.644260374394211,7.644260374394219
0.020897412177769747,6.5941184231218894,0.01468631073318515,0.027049640845419103,7.594118423121887,7.5941184231219125
0.015045439191555779,24.55532051636661,0.008854465999518309,0.02117734039514059,25.5553205163666,25.55532051636661
0.009902378954704293,9.036921354904925,0.003726410209655192,0.01602008239485338,10.036921354904903,10.036921354904916
0.02082634783965724,7.634235808795164,0.014633556520432084,0.026959706628308065,8.634235808795145,8.634235808795152
0.024829056532227983,3.9183984010675195,0.018618777068808323,0.030979901739151376,4.918398401067527,4.918398401067507
0.021614146273312044,4.529065215526558,0.015396585147602724,0.02777275325802447,5.5290652155265585,5.529065215526556
0.017227415976538932,18.58947375308338,0.011015596668009829,0.023380809481345854,19.589473753083354,19.589473753083396
0.016603942220584544,3.2456144738138044,0.010412174015547665,0.022736859633131296,4.2456144738138075,4.245614473813813
0.03029397054482962,3.5419180846468654,0.02406882786516128,0.036459264251927005,4.541918084646864,4.541918084646866
0.01834803026473308,13.064265257914586,0.012141882687451299,0.024495408553222173,14.064265257914581,14.064265257914592
0.021641918632033935,9.167512573006924,0.01542197006725662,0.02780305421579469,10.16751257300692,10.167512573006912
0.02141339580581245,7.131156256376848,0.01521378312489619,0.027553681197415705,8.131156256376835,8.131156256376826
0.014517691634088633,5.907494019655549,0.0083175790614879,0.020659285913530553,6.907494019655543,6.907494019655573
0.028247540217952397,5.095140435726967,0.022033524866563414,0.03440185727320391,6.095140435726966,6.095140435726963
0.032923305559887484,16.674510878541746,0.02667081492822731,0.039116019077466674,17.67451087854173,17.67451087854176
0.03469351515764303,10.454702545168132,0.028475938363572487,0.04085021391584831,11.454702545168125,11.454702545168145
0.019175111637412444,20.707781768193197,0.013000137587738264,0.025290594491480797,21.707781768193207,21.7077817681932
0.020117808079603516,10.830118444105972,0.013936082296848775,0.02623989956546302,11.830118444105961,11.830118444105967
0.017967429644055153,13.97969263972334,0.01177785954843974,0.02409773964475087,14.979692639723343,14.979692639723327
0.02307008926144118,13.350618040912684,0.01684141168488833,0.029239720512642776,14.350618040912686,14.35061804091268
0.026137807891045372,10.116223407588958,0.01993824240399912,0.03227739356760143,11.116223407588977,11.116223407588969
0.027796328352383343,7.171915974348275,0.021583268029178267,0.033949677043358835,8.171915974348275,8.171915974348265
0.012851264542668647,4.531886214071776,0.0066802307655172925,0.018963370276382514,5.531886214071768,5.53188621407179
0.020379964786344764,3.2697481890531055,0.014176344563667521,0.026524530297054805,4.269748189053107,4.269748189053104
0.0228245937595651,7.659887188524224,0.016644066994731834,0.0289451962514845,8.65988718852423,8.659887188524223
0.020123256675596335,10.360703290949438,0.01392080936337006,0.02626668287490235,11.360703290949433,11.360703290949418
0.011092774736178267,11.310520147080378,0.0048980307937025284,0.017229445576648614,12.310520147080403,12.310520147080382
0.007859107193072238,6.134967303398607,0.0016784716263564053,0.01398156689638335,7.134967303398588,7.134967303398619
0.011600571511863658,12.821207861337268,0.005410654417629772,0.017732060117773635,13.821207861337268,13.821207861337273
0.012320621516831063,7.887473126594317,0.006140492662476475,0.018442040557859904,8.887473126594301,8.887473126594315
0.016427479418945994,3.20541718669476,0.010221433666691218,0.02257510033587278,4.205417186694761,4.205417186694757
0.019572413172280933,7.631133544418804,0.013358323136030593,0.025727856689752686,8.631133544418791,8.631133544418802
0.015274300050983517,12.950458532587323,0.009093166670309011,0.021396569570134232,13.95045853258733,13.950458532587323
0.0179672412900223,7.133733125833656,0.011775970166927217,0.024099689058681855,8.133733125833654,8.133733125833649
0.009531494132479624,3.2966349608706156,0.003353393415608593,0.01565141237214173,4.296634960870609,4.296634960870625
0.022430840970397575,1.822130269915329,0.016226536397946818,0.028575875718433563,2.8221302699153226,2.8221302699153257
0.013335590459330256,14.011102219179284,0.007155650008295134,0.019456570381695012,15.011102219179275,15.01110221917926
0.0137980347921367,9.204680397532712,0.007605036410480385,0.01993261820243299,10.204680397532712,10.204680397532687
0.020095735353280485,15.208676398900662,0.01390133393784793,0.026230916530106868,16.208676398900657,16.208676398900682
0.0196759849539826,5.18503528378235,0.013475111206862695,0.02581775221767849,6.18503528378235,6.185035283782361
0.024218236013014486,9.012846045110814,0.018017256410932027,0.030359758947510487,10.012846045110837,10.012846045110804
0.013791030528138064,0.8847528462803081,0.007592931455167023,0.01993075602627831,1.8847528462803087,1.8847528462803114
0.01891474676858293,5.583736966859232,0.012723049810285035,0.02504726272952393,6.583736966859238,6.583736966859231
0.022643898032371327,8.0139587590761,0.0164317101437488,0.02879663162041766,9.0139587590761,9.01395875907611
0.02541048246432305,14.034337549993358,0.01920036887185273,0.03156085444040257,15.034337549993348,15.034337549993356
0.01285001929197576,5.711289487044721,0.006686313546958634,0.018954807278324434,6.711289487044723,6.711289487044734
0.01763383559355911,8.58997640232942,0.011450028091864694,0.02375850889352057,9.589976402329418,9.58997640232944
0.015736590383653527,10.603990486505243,0.009533145625173782,0.021881422219550795,11.603990486505241,11.603990486505243
0.019737486538955018,6.9620754395266795,0.013521726118011073,0.025894766087521764,7.962075439526679,7.962075439526687
0.014708041479586832,2.6741484683608685,0.008513126588785837,0.0208444770491162,3.6741484683608663,3.6741484683608747
0.014377239128397359,6.48416082096032,0.008183649495647281,0.020512215929169297,7.484160820960314,7.484160820960323
0.02612654128050264,17.28745367964311,0.01991432777650282,0.03227903659761281,18.28745367964311,18.28745367964308
0.020943993177860828,5.535698592326462,0.014754475523729141,0.027074144138754922,6.535698592326459,6.535698592326465
0.007139722554878892,15.542404309516769,0.0009583939574041318,0.013263021000951829,16.54240430951677,16.542404309516755
0.021083566525297255,4.94986545999051,0.014879124712732441,0.027229024446534016,5.9498654599905105,5.949865459990511
0.02860648496425342,5.422858671108978,0.022396226656365075,0.034756850012018004,6.422858671108976,6.422858671108971
0.022344644411156866,9.161056203098017,0.016120930585984534,0.02850934819948265,10.161056203098022,10.161056203098024
0.015352998052173826,3.7164325648647973,0.009149326634327135,0.021498187603199038,4.716432564864794,4.716432564864786
0.024440063557866612,3.591135553128035,0.01822501935883539,0.030595859202726353,4.591135553128026,4.591135553128039
0.01542663257971996,7.546862190200666,0.009237625012677735,0.0215568756752458,8.546862190200684,8.546862190200684
0.025050841233654222,10.065813673086861,0.018847918664726272,0.031194382399570425,11.065813673086852,11.065813673086835
0.01215436898690726,1.858224039762014,0.005974406667141295,0.018275786450022036,2.858224039762006,2.8582240397620176
0.016124752162101064,9.126687106834003,0.00992913481547988,0.02226164149380296,10.126687106833987,10.126687106834005
0.01639121841849886,6.605741749795425,0.010209298809964755,0.022514116739668338,7.605741749795431,7.605741749795438
0.022973222390207288,11.035735292423617,0.016746632672952073,0.029141043408462734,12.035735292423592,12.035735292423626
0.027881279479363624,6.385144327475155,0.021655133021855552,0.0340476697790479,7.3851443274751505,7.385144327475155
0.016827385134617588,19.166803118138894,0.010610919647539737,0.02298537041427481,20.166803118138887,20.166803118138883
0.008572742982448178,3.300288931520015,0.002374647118656696,0.014713082913200285,4.3002889315200035,4.300288931520012
0.019223207558952723,15.91435112238443,0.013047316086169483,0.025339693901227596,16.914351122384417,16.91435112238441
0.01209358399812877,7.880201981468274,0.005913237222135232,0.01821554595060527,8.880201981468272,8.880201981468282
0.02647459809364568,11.107699010268659,0.020252646847836366,0.032637104868789034,12.107699010268645,12.10769901026869
0.01599390291570399,8.9472517903974,0.009771433625823545,0.022158391946778672,9.947251790397377,9.947251790397399
0.01883325821431085,10.041281226256713,0.012644096159703704,0.024963221407372452,11.041281226256702,11.041281226256713
0.018110487648125864,19.81921492075871,0.011885007332029447,0.024277884784854722,20.819214920758686,20.81921492075871
0.014250721501687926,6.098062300809646,0.008059478964184874,0.020383598876558304,7.098062300809647,7.098062300809641
0.003447799239456108,5.198000148893355,-0.0027304098829932667,0.00956860621442289,6.19800014889335,6.198000148893355
0.015942678379445283,7.809248915882213,0.009721857117562509,0.02210532618632706,8.809248915882195,8.809248915882213
0.020804124647962427,11.334017651258772,0.014582684566329326,0.026966891373003794,12.334017651258778,12.334017651258767
0.01697228053634236,8.298994611378081,0.010763000588767111,0.023123045553782497,9.298994611378046,9.298994611378074
0.01868057299366667,7.403242419393807,0.012470117321400588,0.02483248401921142,8.403242419393797,8.403242419393827
0.016267989604116028,6.909602001765039,0.01005530084804804,0.022422357594462032,7.909602001765041,7.909602001765046
0.016178331088889036,8.053683541616092,0.009987470515033651,0.022310439669252786,9.053683541616069,9.053683541616099
0.021326709992829325,9.926868912042648,0.015100513368204555,0.027494202232783663,10.926868912042664,10.92686891204265
0.0232307561941052,4.512664434857866,0.017019001589578746,0.029383341572813734,5.512664434857881,5.5126644348578715
0.01718855772339352,5.648578752924052,0.010984543999972098,0.0233339559986373,6.648578752924045,6.648578752924033
0.017569637491229202,7.077183976288376,0.011382350371855771,0.023697840272048156,8.077183976288364,8.077183976288381
0.02179482558860729,7.266611159165045,0.0155796119262165,0.027951011090608168,8.266611159165034,8.266611159165032
0.024176753037519375,16.906280254666317,0.01796471760071642,0.03032912742626357,17.906280254666285,17.906280254666335
0.0256097642735701,3.4216384010176646,0.01939426541753477,0.031765871939238695,4.421638401017669,4.421638401017684
0.01767488039783177,1.5592746974908454,0.011480366878577479,0.02381048574372959,2.5592746974908556,2.5592746974908414
0.015506287082527864,6.704019958368805,0.00929993945404983,0.021654255958652814,7.7040199583688045,7.704019958368807
0.02375337290008766,4.950102484882193,0.01754906234528069,0.02989814743226188,5.950102484882185,5.950102484882196
0.01966835104031387,12.916391885750416,0.013463679812971287,0.025814016370465428,13.916391885750416,13.916391885750425
0.021283272557750855,7.445907149420005,0.015070142696800693,0.027437411032303523,8.445907149420025,8.445907149420025
0.013931488374396011,8.258694502145923,0.007719886336098981,0.02008496947753794,9.258694502145941,9.258694502145936
0.019410128690614377,9.206658546174538,0.013208478105968735,0.025552925894289227,10.206658546174534,10.206658546174534
0.0252915830582478,28.708811626825938,0.019054983862768802,0.03146884747059198,29.708811626825934,29.708811626825923
0.021552485060680138,11.580057608768966,0.015349517885910382,0.02769628447040933,12.580057608768973,12.580057608768973
0.03010843048421236,9.416061320517581,0.02385154354984213,0.03630620718520129,10.416061320517594,10.416061320517564
0.02131619167449986,15.915517539046625,0.015116699439299157,0.02745642306419965,16.91551753904659,16.915517539046597
0.015824303533597137,15.890683548223665,0.009612858530697987,0.021977663724302713,16.890683548223645,16.890683548223674
0.021908694599282193,12.138759817743436,0.015715723426551347,0.02804198968885389,13.138759817743447,13.138759817743445
0.01321036325322277,9.048186774737307,0.007018096475102398,0.019344139455766938,10.048186774737296,10.048186774737326
0.01850546854481058,10.05145006362929,0.012314263503834232,0.024637676719355853,11.051450063629288,11.051450063629284
0.024869835971060926,11.43538794125536,0.01863739486997057,0.031043045855502674,12.435387941255351,12.435387941255366
0.02138108647002604,8.40713748632612,0.015182977216928751,0.027519838316812574,9.407137486326109,9.407137486326123
0.023221912111387397,10.408155891788299,0.017021068275823618,0.029363096778696165,11.408155891788256,11.40815589178832
0.0112521230867517,9.790782842608337,0.005064796500150387,0.01738104503155042,10.790782842608335,10.790782842608342
0.027942494067951355,9.32034097435189,0.021719989991495523,0.0341051656219372,10.320340974351902,10.320340974351899
0.016267719478723637,7.4161846552052575,0.010079161433546924,0.0223974768353391,8.416184655205244,8.416184655205251
0.02391942108634475,11.73054981847119,0.01772298342167687,0.03005598764323244,12.730549818471186,12.730549818471172
0.017833524299929716,15.367576537523137,0.011641716705695544,0.023966316196031894,16.367576537523156,16.367576537523174
0.014040248290519744,4.4710874245420085,0.00783568288595434,0.020186479807868186,5.471087424542005,5.471087424542011
0.015553687052643672,16.838468090614537,0.00935511184047966,0.02169370392899141,17.838468090614562,17.83846809061454
0.023058108885118077,7.3536646898896425,0.016835798747215382,0.02922136981731101,8.353664689889637,8.353664689889627
0.016037557486207284,10.768233776846749,0.009860519071484537,0.022155476349548776,11.76823377684675,11.768233776846742
0.014384533517423085,5.274100482764549,0.008191614387470125,0.020518839686992474,6.274100482764545,6.274100482764546
